Description,Date_info,Data
No. of Banks currently providing the Services,01-Dec-18,18
No. of Banks currently providing the Services,01-Jan-19,16
No. of Banks currently providing the Services,01-Feb-19,16
No. of Banks currently providing the Services,01-Mar-19,16
No. of Banks currently providing the Services,01-Apr-19,16
No. of Banks currently providing the Services,01-May-19,16
No. of Banks currently providing the Services,01-Jun-19,16
No. of Banks currently providing the Services,01-Jul-19,16
No. of Banks currently providing the Services,01-Aug-19,16
No. of Banks currently providing the Services,01-Sep-19,16
No. of Banks currently providing the Services,01-Oct-19,16
No. of Banks currently providing the Services,01-Nov-19,16
No. of Banks currently providing the Services,01-Dec-19,16
No. of Banks currently providing the Services,01-Jan-20,16
No. of Banks currently providing the Services,01-Feb-20,15
No. of Banks currently providing the Services,01-Mar-20,15
No. of Banks currently providing the Services,01-Apr-20,15
No. of Banks currently providing the Services,01-May-20,15
No. of Banks currently providing the Services,01-Jun-20,15
No. of Banks currently providing the Services,01-Jul-20,15
No. of Banks currently providing the Services,01-Aug-20,15
No. of Banks currently providing the Services,01-Sep-20,15
No. of Banks currently providing the Services,01-Oct-20,15
No. of Banks currently providing the Services,01-Nov-20,15
No. of Banks currently providing the Services,01-Dec-20,15
No. of Banks currently providing the Services,01-Jan-21,15
No. of Banks currently providing the Services,01-Feb-21,15
No. of Banks currently providing the Services,01-Mar-21,15
No. of Banks currently providing the Services,01-Apr-21,15
No. of Banks currently providing the Services,01-May-21,15
No. of Banks currently providing the Services,01-Jun-21,15
No. of Banks currently providing the Services,01-Jul-21,15
No. of Banks currently providing the Services,01-Aug-21,13
No. of Banks currently providing the Services,01-Sep-21,13
No. of Banks currently providing the Services,01-Oct-21,13
No. of Banks currently providing the Services,01-Nov-21,13
No. of Banks currently providing the Services,01-Dec-21,13
No. of Banks currently providing the Services,01-Jan-22,13
No. of Banks currently providing the Services,01-Feb-22,12
No. of Banks currently providing the Services,01-Mar-22,12
No. of Banks currently providing the Services,01-Apr-22,12
No. of Banks currently providing the Services,01-May-22,12
No. of Banks currently providing the Services,01-Jun-22,13
No. of Banks currently providing the Services,01-Jul-22,13
No. of Banks currently providing the Services,01-Aug-22,13
No. of Banks currently providing the Services,01-Sep-22,13
No. of Banks currently providing the Services,01-Oct-22,13
No. of Banks currently providing the Services,01-Nov-22,13
No. of Banks currently providing the Services,01-Dec-22,13
No. of Banks currently providing the Services,01-Jan-23,13
No. of Banks currently providing the Services,01-Feb-23,13
No. of Banks currently providing the Services,01-Mar-23,13
No. of Banks currently providing the Services,01-Apr-23,13
No. of Banks currently providing the Services,01-May-23,13
No. of Banks currently providing the Services,01-Jun-23,13
No. of Banks currently providing the Services,01-Jul-23,13
No. of Banks currently providing the Services,01-Aug-23,13
No. of Banks currently providing the Services,01-Sep-23,13
No. of Banks currently providing the Services,01-Oct-23,13
No. of agents,01-Dec-18,886473
No. of agents,01-Jan-19,898996
No. of agents,01-Feb-19,909022
No. of agents,01-Mar-19,919191
No. of agents,01-Apr-19,928563
No. of agents,01-May-19,931508
No. of agents,01-Jun-19,934195
No. of agents,01-Jul-19,942648
No. of agents,01-Aug-19,951115
No. of agents,01-Sep-19,951777
No. of agents,01-Oct-19,954290
No. of agents,01-Nov-19,965471
No. of agents,01-Dec-19,971620
No. of agents,01-Jan-20,981537
No. of agents,01-Feb-20,985914
No. of agents,01-Mar-20,992658
No. of agents,01-Apr-20,999481
No. of agents,01-May-20,996413
No. of agents,01-Jun-20,998504
No. of agents,01-Jul-20,1003005
No. of agents,01-Aug-20,1009430
No. of agents,01-Sep-20,1017055
No. of agents,01-Oct-20,1028677
No. of agents,01-Nov-20,1044521
No. of agents,01-Dec-20,1058897
No. of agents,01-Jan-21,1044879
No. of agents,01-Feb-21,1054952
No. of agents,01-Mar-21,1069257
No. of agents,01-Apr-21,1061128
No. of agents,01-May-21,1101002
No. of agents,01-Jun-21,1115101
No. of agents,01-Jul-21,1141743
No. of agents,01-Aug-21,1161839
No. of agents,01-Sep-21,1141693
No. of agents,01-Oct-21,1154539
No. of agents,01-Nov-21,1106509
No. of agents,01-Dec-21,1123113
No. of agents,01-Jan-22,1134868
No. of agents,01-Feb-22,1148361
No. of agents,01-Mar-22,1163379
No. of agents,01-Apr-22,1177148
No. of agents,01-May-22,1188184
No. of agents,01-Jun-22,1467738
No. of agents,01-Jul-22,1477434
No. of agents,01-Aug-22,1493398
No. of agents,01-Sep-22,1505321
No. of agents,01-Oct-22,1521803
No. of agents,01-Nov-22,1531405
No. of agents,01-Dec-22,1554637
No. of agents,01-Jan-23,1569111
No. of agents,01-Feb-23,1581284
No. of agents,01-Mar-23,1598000
No. of agents,01-Apr-23,1555791
No. of agents,01-May-23,1570340
No. of agents,01-Jun-23,1585722
No. of agents,01-Jul-23,1601445
No. of agents,01-Aug-23,1618988
No. of agents,01-Sep-23,1629716
No. of agents,01-Oct-23,1678207
No. of registered clients in Lac,01-Dec-18,675.19
No. of registered clients in Lac,01-Jan-19,672.88
No. of registered clients in Lac,01-Feb-19,673.66
No. of registered clients in Lac,01-Mar-19,675.4
No. of registered clients in Lac,01-Apr-19,682.82
No. of registered clients in Lac,01-May-19,704.56
No. of registered clients in Lac,01-Jun-19,725.03
No. of registered clients in Lac,01-Jul-19,730.91
No. of registered clients in Lac,01-Aug-19,735.85
No. of registered clients in Lac,01-Sep-19,759.78
No. of registered clients in Lac,01-Oct-19,773.95
No. of registered clients in Lac,01-Nov-19,785.94
No. of registered clients in Lac,01-Dec-19,795.08
No. of registered clients in Lac,01-Jan-20,809.16
No. of registered clients in Lac,01-Feb-20,818.57
No. of registered clients in Lac,01-Mar-20,825.76
No. of registered clients in Lac,01-Apr-20,849.77
No. of registered clients in Lac,01-May-20,879.39
No. of registered clients in Lac,01-Jun-20,887.97
No. of registered clients in Lac,01-Jul-20,925.73
No. of registered clients in Lac,01-Aug-20,929.37
No. of registered clients in Lac,01-Sep-20,947.87
No. of registered clients in Lac,01-Oct-20,964.16
No. of registered clients in Lac,01-Nov-20,978.37
No. of registered clients in Lac,01-Dec-20,993.36
No. of registered clients in Lac,01-Jan-21,1005.54
No. of registered clients in Lac,01-Feb-21,1023.69
No. of registered clients in Lac,01-Mar-21,1027.96
No. of registered clients in Lac,01-Apr-21,964.76
No. of registered clients in Lac,01-May-21,995.88
No. of registered clients in Lac,01-Jun-21,997.85
No. of registered clients in Lac,01-Jul-21,1027.15
No. of registered clients in Lac,01-Aug-21,1043.64
No. of registered clients in Lac,01-Sep-21,1064.54
No. of registered clients in Lac,01-Oct-21,1081.15
No. of registered clients in Lac,01-Nov-21,1096.27
No. of registered clients in Lac,01-Dec-21,1114.67
No. of registered clients in Lac,01-Jan-22,1140.18
No. of registered clients in Lac,01-Feb-22,1161.01
No. of registered clients in Lac,01-Mar-22,1090.87
No. of registered clients in Lac,01-Apr-22,1108.24
No. of registered clients in Lac,01-May-22,1126.15
No. of registered clients in Lac,01-Jun-22,1785.17
No. of registered clients in Lac,01-Jul-22,1809.98
No. of registered clients in Lac,01-Aug-22,1830.55
No. of registered clients in Lac,01-Sep-22,1850.6
No. of registered clients in Lac,01-Oct-22,1873.18
No. of registered clients in Lac,01-Nov-22,1885.74
No. of registered clients in Lac,01-Dec-22,1907.83
No. of registered clients in Lac,01-Jan-23,1941.25
No. of registered clients in Lac,01-Feb-23,1967.04
No. of registered clients in Lac,01-Mar-23,1980.93
No. of registered clients in Lac,01-Apr-23,2007.33
No. of registered clients in Lac,01-May-23,2040.14
No. of registered clients in Lac,01-Jun-23,2073.13
No. of registered clients in Lac,01-Jul-23,2096.14
No. of registered clients in Lac,01-Aug-23,2124.2
No. of registered clients in Lac,01-Sep-23,2150.44
No. of registered clients in Lac,01-Oct-23,2177.11
No. of active accounts in Lac*,01-Dec-18,373.23
No. of active accounts in Lac*,01-Jan-19,334.94
No. of active accounts in Lac*,01-Feb-19,334.3
No. of active accounts in Lac*,01-Mar-19,323.58
No. of active accounts in Lac*,01-Apr-19,290.81
No. of active accounts in Lac*,01-May-19,321.29
No. of active accounts in Lac*,01-Jun-19,324.58
No. of active accounts in Lac*,01-Jul-19,335.68
No. of active accounts in Lac*,01-Aug-19,330.98
No. of active accounts in Lac*,01-Sep-19,343.89
No. of active accounts in Lac*,01-Oct-19,290.11
No. of active accounts in Lac*,01-Nov-19,350.92
No. of active accounts in Lac*,01-Dec-19,346.46
No. of active accounts in Lac*,01-Jan-20,332.94
No. of active accounts in Lac*,01-Feb-20,270.87
No. of active accounts in Lac*,01-Mar-20,268.45
No. of active accounts in Lac*,01-Apr-20,280.91
No. of active accounts in Lac*,01-May-20,354.61
No. of active accounts in Lac*,01-Jun-20,385.71
No. of active accounts in Lac*,01-Jul-20,426.78
No. of active accounts in Lac*,01-Aug-20,405.73
No. of active accounts in Lac*,01-Sep-20,410.35
No. of active accounts in Lac*,01-Oct-20,332.93
No. of active accounts in Lac*,01-Nov-20,316.74
No. of active accounts in Lac*,01-Dec-20,323.27
No. of active accounts in Lac*,01-Jan-21,324.13
No. of active accounts in Lac*,01-Feb-21,342.27
No. of active accounts in Lac*,01-Mar-21,346.37
No. of active accounts in Lac*,01-Apr-21,367.49
No. of active accounts in Lac*,01-May-21,396.5
No. of active accounts in Lac*,01-Jun-21,409.24
No. of active accounts in Lac*,01-Jul-21,411.58
No. of active accounts in Lac*,01-Aug-21,407.01
No. of active accounts in Lac*,01-Sep-21,406.46
No. of active accounts in Lac*,01-Oct-21,393.29
No. of active accounts in Lac*,01-Nov-21,400.64
No. of active accounts in Lac*,01-Dec-21,410.96
No. of active accounts in Lac*,01-Jan-22,437.84
No. of active accounts in Lac*,01-Feb-22,425.23
No. of active accounts in Lac*,01-Mar-22,448.34
No. of active accounts in Lac*,01-Apr-22,455.71
No. of active accounts in Lac*,01-May-22,457.62
No. of active accounts in Lac*,01-Jun-22,642.97
No. of active accounts in Lac*,01-Jul-22,679.88
No. of active accounts in Lac*,01-Aug-22,671.27
No. of active accounts in Lac*,01-Sep-22,575.27
No. of active accounts in Lac*,01-Oct-22,554.7
No. of active accounts in Lac*,01-Nov-22,565.59
No. of active accounts in Lac*,01-Dec-22,573.74
No. of active accounts in Lac*,01-Jan-23,573.54
No. of active accounts in Lac*,01-Feb-23,634.95
No. of active accounts in Lac*,01-Mar-23,675.2
No. of active accounts in Lac*,01-Apr-23,671.63
No. of active accounts in Lac*,01-May-23,665.81
No. of active accounts in Lac*,01-Jun-23,714.2
No. of active accounts in Lac*,01-Jul-23,712.42
No. of active accounts in Lac*,01-Aug-23,819.63
No. of active accounts in Lac*,01-Sep-23,738.43
No. of active accounts in Lac*,01-Oct-23,803.93
No. of total transaction,01-Dec-18,210087150
No. of total transaction,01-Jan-19,214617334
No. of total transaction,01-Feb-19,194771027
No. of total transaction,01-Mar-19,209074061
No. of total transaction,01-Apr-19,211345500
No. of total transaction,01-May-19,231379578
No. of total transaction,01-Jun-19,199531493
No. of total transaction,01-Jul-19,227410021
No. of total transaction,01-Aug-19,204220475
No. of total transaction,01-Sep-19,212365165
No. of total transaction,01-Oct-19,227246774
No. of total transaction,01-Nov-19,230423120
No. of total transaction,01-Dec-19,227422938
No. of total transaction,01-Jan-20,230090192
No. of total transaction,01-Feb-20,226109405
No. of total transaction,01-Mar-20,235858514
No. of total transaction,01-Apr-20,217564950
No. of total transaction,01-May-20,281780662
No. of total transaction,01-Jun-20,256097772
No. of total transaction,01-Jul-20,310442380
No. of total transaction,01-Aug-20,269697875
No. of total transaction,01-Sep-20,273008126
No. of total transaction,01-Oct-20,290180413
No. of total transaction,01-Nov-20,281307626
No. of total transaction,01-Dec-20,299506884
No. of total transaction,01-Jan-21,299235299
No. of total transaction,01-Feb-21,279663286
No. of total transaction,01-Mar-21,307268419
No. of total transaction,01-Apr-21,304978609
No. of total transaction,01-May-21,346701611
No. of total transaction,01-Jun-21,319820772
No. of total transaction,01-Jul-21,326375159
No. of total transaction,01-Aug-21,328974694
No. of total transaction,01-Sep-21,324856111
No. of total transaction,01-Oct-21,334659939
No. of total transaction,01-Nov-21,323621856
No. of total transaction,01-Dec-21,340897398
No. of total transaction,01-Jan-22,345190941
No. of total transaction,01-Feb-22,317702787
No. of total transaction,01-Mar-22,360195455
No. of total transaction,01-Apr-22,379399820
No. of total transaction,01-May-22,348546984
No. of total transaction,01-Jun-22,461609837
No. of total transaction,01-Jul-22,431892765
No. of total transaction,01-Aug-22,408059051
No. of total transaction,01-Sep-22,408379707
No. of total transaction,01-Oct-22,444062360
No. of total transaction,01-Nov-22,415974768
No. of total transaction,01-Dec-22,428324791
No. of total transaction,01-Jan-23,462957809
No. of total transaction,01-Feb-23,450926709
No. of total transaction,01-Mar-23,482455915
No. of total transaction,01-Apr-23,531055608
No. of total transaction,01-May-23,501923307
No. of total transaction,01-Jun-23,572615005
No. of total transaction,01-Jul-23,483531787
No. of total transaction,01-Aug-23,512290724
No. of total transaction,01-Sep-23,497412883
No. of total transaction,01-Oct-23,573424783
Total transaction in taka(in crore BDT),01-Dec-18,32105.57
Total transaction in taka(in crore BDT),01-Jan-19,34626.24
Total transaction in taka(in crore BDT),01-Feb-19,31512.6
Total transaction in taka(in crore BDT),01-Mar-19,34678.37
Total transaction in taka(in crore BDT),01-Apr-19,34975.76
Total transaction in taka(in crore BDT),01-May-19,42236.23
Total transaction in taka(in crore BDT),01-Jun-19,31708.38
Total transaction in taka(in crore BDT),01-Jul-19,37477.58
Total transaction in taka(in crore BDT),01-Aug-19,35512.56
Total transaction in taka(in crore BDT),01-Sep-19,35433.16
Total transaction in taka(in crore BDT),01-Oct-19,37762.54
Total transaction in taka(in crore BDT),01-Nov-19,37918.86
Total transaction in taka(in crore BDT),01-Dec-19,40647.64
Total transaction in taka(in crore BDT),01-Jan-20,42103.22
Total transaction in taka(in crore BDT),01-Feb-20,41334.79
Total transaction in taka(in crore BDT),01-Mar-20,39785.23
Total transaction in taka(in crore BDT),01-Apr-20,29029.14
Total transaction in taka(in crore BDT),01-May-20,47601.28
Total transaction in taka(in crore BDT),01-Jun-20,44830.66
Total transaction in taka(in crore BDT),01-Jul-20,62999.42
Total transaction in taka(in crore BDT),01-Aug-20,41403.82
Total transaction in taka(in crore BDT),01-Sep-20,49121.25
Total transaction in taka(in crore BDT),01-Oct-20,53258.84
Total transaction in taka(in crore BDT),01-Nov-20,53598.31
Total transaction in taka(in crore BDT),01-Dec-20,56556.88
Total transaction in taka(in crore BDT),01-Jan-21,57256.7
Total transaction in taka(in crore BDT),01-Feb-21,55059.25
Total transaction in taka(in crore BDT),01-Mar-21,59642.41
Total transaction in taka(in crore BDT),01-Apr-21,63478.85
Total transaction in taka(in crore BDT),01-May-21,71246.88
Total transaction in taka(in crore BDT),01-Jun-21,62993.93
Total transaction in taka(in crore BDT),01-Jul-21,66387.45
Total transaction in taka(in crore BDT),01-Aug-21,62230.24
Total transaction in taka(in crore BDT),01-Sep-21,65135.06
Total transaction in taka(in crore BDT),01-Oct-21,67582.24
Total transaction in taka(in crore BDT),01-Nov-21,67958.96
Total transaction in taka(in crore BDT),01-Dec-21,71173.09
Total transaction in taka(in crore BDT),01-Jan-22,73367.52
Total transaction in taka(in crore BDT),01-Feb-22,68099.97
Total transaction in taka(in crore BDT),01-Mar-22,77212.64
Total transaction in taka(in crore BDT),01-Apr-22,92933.03
Total transaction in taka(in crore BDT),01-May-22,64946.67
Total transaction in taka(in crore BDT),01-Jun-22,94293.7
Total transaction in taka(in crore BDT),01-Jul-22,89169.26
Total transaction in taka(in crore BDT),01-Aug-22,87446.37
Total transaction in taka(in crore BDT),01-Sep-22,87635.17
Total transaction in taka(in crore BDT),01-Oct-22,93013.44
Total transaction in taka(in crore BDT),01-Nov-22,92125.75
Total transaction in taka(in crore BDT),01-Dec-22,96132.86
Total transaction in taka(in crore BDT),01-Jan-23,100593.42
Total transaction in taka(in crore BDT),01-Feb-23,97307.48
Total transaction in taka(in crore BDT),01-Mar-23,108467.23
Total transaction in taka(in crore BDT),01-Apr-23,124954
Total transaction in taka(in crore BDT),01-May-23,108355.19
Total transaction in taka(in crore BDT),01-Jun-23,132175.3
Total transaction in taka(in crore BDT),01-Jul-23,98306.75
Total transaction in taka(in crore BDT),01-Aug-23,109555.15
Total transaction in taka(in crore BDT),01-Sep-23,108378.23
Total transaction in taka(in crore BDT),01-Oct-23,120634.21
No. of daily average transaction,01-Dec-18,6777005
No. of daily average transaction,01-Jan-19,6923139.81
No. of daily average transaction,01-Feb-19,6956108.11
No. of daily average transaction,01-Mar-19,6744324.55
No. of daily average transaction,01-Apr-19,7044850
No. of daily average transaction,01-May-19,7463857
No. of daily average transaction,01-Jun-19,6651049.77
No. of daily average transaction,01-Jul-19,7335807
No. of daily average transaction,01-Aug-19,6587757.26
No. of daily average transaction,01-Sep-19,7078838.83
No. of daily average transaction,01-Oct-19,7330541
No. of daily average transaction,01-Nov-19,7680770.67
No. of daily average transaction,01-Dec-19,7336224
No. of daily average transaction,01-Jan-20,7422264.26
No. of daily average transaction,01-Feb-20,7796876.03
No. of daily average transaction,01-Mar-20,7608339.16
No. of daily average transaction,01-Apr-20,7252165
No. of daily average transaction,01-May-20,9089698.77
No. of daily average transaction,01-Jun-20,8536592.4
No. of daily average transaction,01-Jul-20,10014270
No. of daily average transaction,01-Aug-20,8699931.45
No. of daily average transaction,01-Sep-20,9100271
No. of daily average transaction,01-Oct-20,9360658
No. of daily average transaction,01-Nov-20,9376921
No. of daily average transaction,01-Dec-20,9661512
No. of daily average transaction,01-Jan-21,9652752
No. of daily average transaction,01-Feb-21,9987975
No. of daily average transaction,01-Mar-21,9911884
No. of daily average transaction,01-Apr-21,10165954
No. of daily average transaction,01-May-21,11183923
No. of daily average transaction,01-Jun-21,10660692
No. of daily average transaction,01-Jul-21,10528231
No. of daily average transaction,01-Aug-21,10612087
No. of daily average transaction,01-Sep-21,10828537
No. of daily average transaction,01-Oct-21,10795482
No. of daily average transaction,01-Nov-21,10787395
No. of daily average transaction,01-Dec-21,10996690
No. of daily average transaction,01-Jan-22,11135192
No. of daily average transaction,01-Feb-22,11346528
No. of daily average transaction,01-Mar-22,11619208
No. of daily average transaction,01-Apr-22,12646661
No. of daily average transaction,01-May-22,11243451
No. of daily average transaction,01-Jun-22,15386995
No. of daily average transaction,01-Jul-22,13932025
No. of daily average transaction,01-Aug-22,13163195
No. of daily average transaction,01-Sep-22,13612657
No. of daily average transaction,01-Oct-22,14324592
No. of daily average transaction,01-Nov-22,13865826
No. of daily average transaction,01-Dec-22,13816929
No. of daily average transaction,01-Jan-23,14934123
No. of daily average transaction,01-Feb-23,16104525
No. of daily average transaction,01-Mar-23,15563094
No. of daily average transaction,01-Apr-23,17701854
No. of daily average transaction,01-May-23,16191074
No. of daily average transaction,01-Jun-23,19087167
No. of daily average transaction,01-Jul-23,15597800
No. of daily average transaction,01-Aug-23,16525507
No. of daily average transaction,01-Sep-23,16580429
No. of daily average transaction,01-Oct-23,18497574
Average daily transaction (in crore BDT),01-Dec-18,1035.66
Average daily transaction (in crore BDT),01-Jan-19,1116.98
Average daily transaction (in crore BDT),01-Feb-19,1125.45
Average daily transaction (in crore BDT),01-Mar-19,1118.66
Average daily transaction (in crore BDT),01-Apr-19,1165.86
Average daily transaction (in crore BDT),01-May-19,1362.46
Average daily transaction (in crore BDT),01-Jun-19,1056.95
Average daily transaction (in crore BDT),01-Jul-19,1208.95
Average daily transaction (in crore BDT),01-Aug-19,1145.57
Average daily transaction (in crore BDT),01-Sep-19,1181.11
Average daily transaction (in crore BDT),01-Oct-19,1218.15
Average daily transaction (in crore BDT),01-Nov-19,1263.96
Average daily transaction (in crore BDT),01-Dec-19,1311.21
Average daily transaction (in crore BDT),01-Jan-20,1358.17
Average daily transaction (in crore BDT),01-Feb-20,1425.34
Average daily transaction (in crore BDT),01-Mar-20,1283.39
Average daily transaction (in crore BDT),01-Apr-20,967.64
Average daily transaction (in crore BDT),01-May-20,1535.53
Average daily transaction (in crore BDT),01-Jun-20,1494.36
Average daily transaction (in crore BDT),01-Jul-20,2032.24
Average daily transaction (in crore BDT),01-Aug-20,1335.61
Average daily transaction (in crore BDT),01-Sep-20,1637.37
Average daily transaction (in crore BDT),01-Oct-20,1718.03
Average daily transaction (in crore BDT),01-Nov-20,1786.61
Average daily transaction (in crore BDT),01-Dec-20,1824.42
Average daily transaction (in crore BDT),01-Jan-21,1846.99
Average daily transaction (in crore BDT),01-Feb-21,1966.4
Average daily transaction (in crore BDT),01-Mar-21,1923.95
Average daily transaction (in crore BDT),01-Apr-21,2115.96
Average daily transaction (in crore BDT),01-May-21,2298.29
Average daily transaction (in crore BDT),01-Jun-21,2099.8
Average daily transaction (in crore BDT),01-Jul-21,2141.53
Average daily transaction (in crore BDT),01-Aug-21,2007.43
Average daily transaction (in crore BDT),01-Sep-21,2171.17
Average daily transaction (in crore BDT),01-Oct-21,2180.07
Average daily transaction (in crore BDT),01-Nov-21,2265.3
Average daily transaction (in crore BDT),01-Dec-21,2295.91
Average daily transaction (in crore BDT),01-Jan-22,2366.69
Average daily transaction (in crore BDT),01-Feb-22,2432.14
Average daily transaction (in crore BDT),01-Mar-22,2490.73
Average daily transaction (in crore BDT),01-Apr-22,3097.77
Average daily transaction (in crore BDT),01-May-22,2095.05
Average daily transaction (in crore BDT),01-Jun-22,3143.12
Average daily transaction (in crore BDT),01-Jul-22,2876.43
Average daily transaction (in crore BDT),01-Aug-22,2820.85
Average daily transaction (in crore BDT),01-Sep-22,2921.17
Average daily transaction (in crore BDT),01-Oct-22,3000.43
Average daily transaction (in crore BDT),01-Nov-22,3070.86
Average daily transaction (in crore BDT),01-Dec-22,3101.06
Average daily transaction (in crore BDT),01-Jan-23,3244.95
Average daily transaction (in crore BDT),01-Feb-23,3475.27
Average daily transaction (in crore BDT),01-Mar-23,3498.94
Average daily transaction (in crore BDT),01-Apr-23,4165.13
Average daily transaction (in crore BDT),01-May-23,3495.33
Average daily transaction (in crore BDT),01-Jun-23,4405.84
Average daily transaction (in crore BDT),01-Jul-23,3171.19
Average daily transaction (in crore BDT),01-Aug-23,3534.04
Average daily transaction (in crore BDT),01-Sep-23,3612.61
Average daily transaction (in crore BDT),01-Oct-23,3891.43
Inward Remittance (crore BDT),01-Dec-18,63.51
Inward Remittance (crore BDT),01-Jan-19,42.03
Inward Remittance (crore BDT),01-Feb-19,19.88
Inward Remittance (crore BDT),01-Mar-19,14.41
Inward Remittance (crore BDT),01-Apr-19,15.27
Inward Remittance (crore BDT),01-May-19,26.71
Inward Remittance (crore BDT),01-Jun-19,27.33
Inward Remittance (crore BDT),01-Jul-19,28.77
Inward Remittance (crore BDT),01-Aug-19,34.37
Inward Remittance (crore BDT),01-Sep-19,24.18
Inward Remittance (crore BDT),01-Oct-19,24.99
Inward Remittance (crore BDT),01-Nov-19,26.3
Inward Remittance (crore BDT),01-Dec-19,30.95
Inward Remittance (crore BDT),01-Jan-20,29.68
Inward Remittance (crore BDT),01-Feb-20,29.99
Inward Remittance (crore BDT),01-Mar-20,31.63
Inward Remittance (crore BDT),01-Apr-20,112.38
Inward Remittance (crore BDT),01-May-20,177.97
Inward Remittance (crore BDT),01-Jun-20,125.23
Inward Remittance (crore BDT),01-Jul-20,169.53
Inward Remittance (crore BDT),01-Aug-20,104.75
Inward Remittance (crore BDT),01-Sep-20,110.1
Inward Remittance (crore BDT),01-Oct-20,115.16
Inward Remittance (crore BDT),01-Nov-20,116.81
Inward Remittance (crore BDT),01-Dec-20,134.78
Inward Remittance (crore BDT),01-Jan-21,188.74
Inward Remittance (crore BDT),01-Feb-21,179.29
Inward Remittance (crore BDT),01-Mar-21,184.73
Inward Remittance (crore BDT),01-Apr-21,212.03
Inward Remittance (crore BDT),01-May-21,249.8
Inward Remittance (crore BDT),01-Jun-21,176.98
Inward Remittance (crore BDT),01-Jul-21,282.68
Inward Remittance (crore BDT),01-Aug-21,333.29
Inward Remittance (crore BDT),01-Sep-21,201.88
Inward Remittance (crore BDT),01-Oct-21,201.93
Inward Remittance (crore BDT),01-Nov-21,196.21
Inward Remittance (crore BDT),01-Dec-21,214.24
Inward Remittance (crore BDT),01-Jan-22,215.55
Inward Remittance (crore BDT),01-Feb-22,215.91
Inward Remittance (crore BDT),01-Mar-22,260.08
Inward Remittance (crore BDT),01-Apr-22,384.29
Inward Remittance (crore BDT),01-May-22,277.24
Inward Remittance (crore BDT),01-Jun-22,306.97
Inward Remittance (crore BDT),01-Jul-22,380.97
Inward Remittance (crore BDT),01-Aug-22,330.7
Inward Remittance (crore BDT),01-Sep-22,330.11
Inward Remittance (crore BDT),01-Oct-22,354.45
Inward Remittance (crore BDT),01-Nov-22,358.34
Inward Remittance (crore BDT),01-Dec-22,387.96
Inward Remittance (crore BDT),01-Jan-23,412.51
Inward Remittance (crore BDT),01-Feb-23,379.6
Inward Remittance (crore BDT),01-Mar-23,512.74
Inward Remittance (crore BDT),01-Apr-23,645.1
Inward Remittance (crore BDT),01-May-23,467.97
Inward Remittance (crore BDT),01-Jun-23,635.14
Inward Remittance (crore BDT),01-Jul-23,482.03
Inward Remittance (crore BDT),01-Aug-23,515.4
Inward Remittance (crore BDT),01-Sep-23,520.4
Inward Remittance (crore BDT),01-Oct-23,564.61
Cash In transaction (crore BDT),01-Dec-18,12261.53
Cash In transaction (crore BDT),01-Jan-19,13587.33
Cash In transaction (crore BDT),01-Feb-19,12358.56
Cash In transaction (crore BDT),01-Mar-19,13838.95
Cash In transaction (crore BDT),01-Apr-19,13737.43
Cash In transaction (crore BDT),01-May-19,16291.65
Cash In transaction (crore BDT),01-Jun-19,11072.11
Cash In transaction (crore BDT),01-Jul-19,13460.25
Cash In transaction (crore BDT),01-Aug-19,12524.16
Cash In transaction (crore BDT),01-Sep-19,12869.94
Cash In transaction (crore BDT),01-Oct-19,13625.77
Cash In transaction (crore BDT),01-Nov-19,13407.88
Cash In transaction (crore BDT),01-Dec-19,14562.7
Cash In transaction (crore BDT),01-Jan-20,14947.64
Cash In transaction (crore BDT),01-Feb-20,14634.91
Cash In transaction (crore BDT),01-Mar-20,13769.44
Cash In transaction (crore BDT),01-Apr-20,8709.88
Cash In transaction (crore BDT),01-May-20,13079.87
Cash In transaction (crore BDT),01-Jun-20,12199.71
Cash In transaction (crore BDT),01-Jul-20,17058.8
Cash In transaction (crore BDT),01-Aug-20,11463.77
Cash In transaction (crore BDT),01-Sep-20,14723.34
Cash In transaction (crore BDT),01-Oct-20,15876.51
Cash In transaction (crore BDT),01-Nov-20,16352.98
Cash In transaction (crore BDT),01-Dec-20,17346.65
Cash In transaction (crore BDT),01-Jan-21,17212.22
Cash In transaction (crore BDT),01-Feb-21,16042.89
Cash In transaction (crore BDT),01-Mar-21,18337.03
Cash In transaction (crore BDT),01-Apr-21,19023.35
Cash In transaction (crore BDT),01-May-21,19428.77
Cash In transaction (crore BDT),01-Jun-21,18316.28
Cash In transaction (crore BDT),01-Jul-21,17935.45
Cash In transaction (crore BDT),01-Aug-21,18669.79
Cash In transaction (crore BDT),01-Sep-21,19777.05
Cash In transaction (crore BDT),01-Oct-21,21049.37
Cash In transaction (crore BDT),01-Nov-21,21207.66
Cash In transaction (crore BDT),01-Dec-21,22455.1
Cash In transaction (crore BDT),01-Jan-22,22408.94
Cash In transaction (crore BDT),01-Feb-22,20843.34
Cash In transaction (crore BDT),01-Mar-22,23707.21
Cash In transaction (crore BDT),01-Apr-22,27740.43
Cash In transaction (crore BDT),01-May-22,18755.52
Cash In transaction (crore BDT),01-Jun-22,27419.52
Cash In transaction (crore BDT),01-Jul-22,25780.4
Cash In transaction (crore BDT),01-Aug-22,26843.86
Cash In transaction (crore BDT),01-Sep-22,26687.22
Cash In transaction (crore BDT),01-Oct-22,27706.58
Cash In transaction (crore BDT),01-Nov-22,29634.69
Cash In transaction (crore BDT),01-Dec-22,31063.19
Cash In transaction (crore BDT),01-Jan-23,31260.61
Cash In transaction (crore BDT),01-Feb-23,29227.72
Cash In transaction (crore BDT),01-Mar-23,34308.08
Cash In transaction (crore BDT),01-Apr-23,37547.58
Cash In transaction (crore BDT),01-May-23,34462.04
Cash In transaction (crore BDT),01-Jun-23,39056.77
Cash In transaction (crore BDT),01-Jul-23,30664.73
Cash In transaction (crore BDT),01-Aug-23,35386.79
Cash In transaction (crore BDT),01-Sep-23,34954.59
Cash In transaction (crore BDT),01-Oct-23,38021.37
Cash Out Transaction (crore BDT),01-Dec-18,12213.83
Cash Out Transaction (crore BDT),01-Jan-19,13260.21
Cash Out Transaction (crore BDT),01-Feb-19,11946.65
Cash Out Transaction (crore BDT),01-Mar-19,13058.86
Cash Out Transaction (crore BDT),01-Apr-19,13162.21
Cash Out Transaction (crore BDT),01-May-19,15180.18
Cash Out Transaction (crore BDT),01-Jun-19,11455.7
Cash Out Transaction (crore BDT),01-Jul-19,12999.22
Cash Out Transaction (crore BDT),01-Aug-19,12346.07
Cash Out Transaction (crore BDT),01-Sep-19,11893.71
Cash Out Transaction (crore BDT),01-Oct-19,12645.15
Cash Out Transaction (crore BDT),01-Nov-19,12697.64
Cash Out Transaction (crore BDT),01-Dec-19,13473.97
Cash Out Transaction (crore BDT),01-Jan-20,13929.62
Cash Out Transaction (crore BDT),01-Feb-20,13706.13
Cash Out Transaction (crore BDT),01-Mar-20,12992.34
Cash Out Transaction (crore BDT),01-Apr-20,8227.6
Cash Out Transaction (crore BDT),01-May-20,13862.53
Cash Out Transaction (crore BDT),01-Jun-20,13439.19
Cash Out Transaction (crore BDT),01-Jul-20,19146.25
Cash Out Transaction (crore BDT),01-Aug-20,12968.84
Cash Out Transaction (crore BDT),01-Sep-20,13895.79
Cash Out Transaction (crore BDT),01-Oct-20,14657.68
Cash Out Transaction (crore BDT),01-Nov-20,14826.16
Cash Out Transaction (crore BDT),01-Dec-20,15444.23
Cash Out Transaction (crore BDT),01-Jan-21,15807.87
Cash Out Transaction (crore BDT),01-Feb-21,15235.35
Cash Out Transaction (crore BDT),01-Mar-21,16740.24
Cash Out Transaction (crore BDT),01-Apr-21,16421.16
Cash Out Transaction (crore BDT),01-May-21,19173.83
Cash Out Transaction (crore BDT),01-Jun-21,15741.69
Cash Out Transaction (crore BDT),01-Jul-21,17360.26
Cash Out Transaction (crore BDT),01-Aug-21,14992.93
Cash Out Transaction (crore BDT),01-Sep-21,16463.82
Cash Out Transaction (crore BDT),01-Oct-21,17681.66
Cash Out Transaction (crore BDT),01-Nov-21,18043.89
Cash Out Transaction (crore BDT),01-Dec-21,18772.74
Cash Out Transaction (crore BDT),01-Jan-22,19730.76
Cash Out Transaction (crore BDT),01-Feb-22,18223
Cash Out Transaction (crore BDT),01-Mar-22,21071.67
Cash Out Transaction (crore BDT),01-Apr-22,25633.7
Cash Out Transaction (crore BDT),01-May-22,18300.44
Cash Out Transaction (crore BDT),01-Jun-22,26692.13
Cash Out Transaction (crore BDT),01-Jul-22,26253.54
Cash Out Transaction (crore BDT),01-Aug-22,23983.75
Cash Out Transaction (crore BDT),01-Sep-22,23782.59
Cash Out Transaction (crore BDT),01-Oct-22,25665.34
Cash Out Transaction (crore BDT),01-Nov-22,26158.7
Cash Out Transaction (crore BDT),01-Dec-22,27159.52
Cash Out Transaction (crore BDT),01-Jan-23,28642.39
Cash Out Transaction (crore BDT),01-Feb-23,28086.41
Cash Out Transaction (crore BDT),01-Mar-23,30875.75
Cash Out Transaction (crore BDT),01-Apr-23,35937.82
Cash Out Transaction (crore BDT),01-May-23,29351.98
Cash Out Transaction (crore BDT),01-Jun-23,37707.68
Cash Out Transaction (crore BDT),01-Jul-23,27939.55
Cash Out Transaction (crore BDT),01-Aug-23,30047.49
Cash Out Transaction (crore BDT),01-Sep-23,29917.45
Cash Out Transaction (crore BDT),01-Oct-23,33883.09
P2P transaction (crore BDT),01-Dec-18,5073.65
P2P transaction (crore BDT),01-Jan-19,5495.65
P2P transaction (crore BDT),01-Feb-19,5175.74
P2P transaction (crore BDT),01-Mar-19,5648.13
P2P transaction (crore BDT),01-Apr-19,5600.22
P2P transaction (crore BDT),01-May-19,7471.03
P2P transaction (crore BDT),01-Jun-19,7064.41
P2P transaction (crore BDT),01-Jul-19,8122.16
P2P transaction (crore BDT),01-Aug-19,8196.47
P2P transaction (crore BDT),01-Sep-19,8295.87
P2P transaction (crore BDT),01-Oct-19,8988.79
P2P transaction (crore BDT),01-Nov-19,9098.97
P2P transaction (crore BDT),01-Dec-19,9851.5
P2P transaction (crore BDT),01-Jan-20,10077.95
P2P transaction (crore BDT),01-Feb-20,9796.98
P2P transaction (crore BDT),01-Mar-20,9863.78
P2P transaction (crore BDT),01-Apr-20,9242.88
P2P transaction (crore BDT),01-May-20,14817.45
P2P transaction (crore BDT),01-Jun-20,13130.03
P2P transaction (crore BDT),01-Jul-20,17293.43
P2P transaction (crore BDT),01-Aug-20,12464.33
P2P transaction (crore BDT),01-Sep-20,14857.08
P2P transaction (crore BDT),01-Oct-20,16566.5
P2P transaction (crore BDT),01-Nov-20,16108.76
P2P transaction (crore BDT),01-Dec-20,16982.15
P2P transaction (crore BDT),01-Jan-21,17459.33
P2P transaction (crore BDT),01-Feb-21,16744.55
P2P transaction (crore BDT),01-Mar-21,17455.58
P2P transaction (crore BDT),01-Apr-21,19034.24
P2P transaction (crore BDT),01-May-21,21351.45
P2P transaction (crore BDT),01-Jun-21,18827.81
P2P transaction (crore BDT),01-Jul-21,20534.19
P2P transaction (crore BDT),01-Aug-21,19445.37
P2P transaction (crore BDT),01-Sep-21,19794.4
P2P transaction (crore BDT),01-Oct-21,19710.41
P2P transaction (crore BDT),01-Nov-21,19249.63
P2P transaction (crore BDT),01-Dec-21,20183.69
P2P transaction (crore BDT),01-Jan-22,20815.44
P2P transaction (crore BDT),01-Feb-22,19459.17
P2P transaction (crore BDT),01-Mar-22,22288.57
P2P transaction (crore BDT),01-Apr-22,26269.21
P2P transaction (crore BDT),01-May-22,19684.18
P2P transaction (crore BDT),01-Jun-22,24520.62
P2P transaction (crore BDT),01-Jul-22,24353.33
P2P transaction (crore BDT),01-Aug-22,24755.28
P2P transaction (crore BDT),01-Sep-22,25153.31
P2P transaction (crore BDT),01-Oct-22,25829.33
P2P transaction (crore BDT),01-Nov-22,25990.57
P2P transaction (crore BDT),01-Dec-22,27492.38
P2P transaction (crore BDT),01-Jan-23,28899.56
P2P transaction (crore BDT),01-Feb-23,27521.81
P2P transaction (crore BDT),01-Mar-23,31506.76
P2P transaction (crore BDT),01-Apr-23,34357.78
P2P transaction (crore BDT),01-May-23,30169.26
P2P transaction (crore BDT),01-Jun-23,33923.24
P2P transaction (crore BDT),01-Jul-23,27913.74
P2P transaction (crore BDT),01-Aug-23,30766.32
P2P transaction (crore BDT),01-Sep-23,30309.66
P2P transaction (crore BDT),01-Oct-23,32694.7
Salary Disbursement (B2P) (crore BDT),01-Dec-18,613.19
Salary Disbursement (B2P) (crore BDT),01-Jan-19,747.45
Salary Disbursement (B2P) (crore BDT),01-Feb-19,733.45
Salary Disbursement (B2P) (crore BDT),01-Mar-19,756.35
Salary Disbursement (B2P) (crore BDT),01-Apr-19,800.69
Salary Disbursement (B2P) (crore BDT),01-May-19,1243.67
Salary Disbursement (B2P) (crore BDT),01-Jun-19,537.68
Salary Disbursement (B2P) (crore BDT),01-Jul-19,943.48
Salary Disbursement (B2P) (crore BDT),01-Aug-19,903.27
Salary Disbursement (B2P) (crore BDT),01-Sep-19,787.62
Salary Disbursement (B2P) (crore BDT),01-Oct-19,860.46
Salary Disbursement (B2P) (crore BDT),01-Nov-19,870.03
Salary Disbursement (B2P) (crore BDT),01-Dec-19,1004.68
Salary Disbursement (B2P) (crore BDT),01-Jan-20,1083.61
Salary Disbursement (B2P) (crore BDT),01-Feb-20,1087.74
Salary Disbursement (B2P) (crore BDT),01-Mar-20,1246.46
Salary Disbursement (B2P) (crore BDT),01-Apr-20,1064.87
Salary Disbursement (B2P) (crore BDT),01-May-20,2218
Salary Disbursement (B2P) (crore BDT),01-Jun-20,2377.09
Salary Disbursement (B2P) (crore BDT),01-Jul-20,4586.97
Salary Disbursement (B2P) (crore BDT),01-Aug-20,1063.6
Salary Disbursement (B2P) (crore BDT),01-Sep-20,1954.85
Salary Disbursement (B2P) (crore BDT),01-Oct-20,1918.09
Salary Disbursement (B2P) (crore BDT),01-Nov-20,2023.63
Salary Disbursement (B2P) (crore BDT),01-Dec-20,2093.72
Salary Disbursement (B2P) (crore BDT),01-Jan-21,2189.63
Salary Disbursement (B2P) (crore BDT),01-Feb-21,2190.82
Salary Disbursement (B2P) (crore BDT),01-Mar-21,2219.3
Salary Disbursement (B2P) (crore BDT),01-Apr-21,2404.63
Salary Disbursement (B2P) (crore BDT),01-May-21,2785.96
Salary Disbursement (B2P) (crore BDT),01-Jun-21,2243.22
Salary Disbursement (B2P) (crore BDT),01-Jul-21,3403.33
Salary Disbursement (B2P) (crore BDT),01-Aug-21,1903.44
Salary Disbursement (B2P) (crore BDT),01-Sep-21,2457.96
Salary Disbursement (B2P) (crore BDT),01-Oct-21,2387.66
Salary Disbursement (B2P) (crore BDT),01-Nov-21,2488.35
Salary Disbursement (B2P) (crore BDT),01-Dec-21,2487.33
Salary Disbursement (B2P) (crore BDT),01-Jan-22,2663.62
Salary Disbursement (B2P) (crore BDT),01-Feb-22,2743.05
Salary Disbursement (B2P) (crore BDT),01-Mar-22,2877.93
Salary Disbursement (B2P) (crore BDT),01-Apr-22,5031.67
Salary Disbursement (B2P) (crore BDT),01-May-22,1257.32
Salary Disbursement (B2P) (crore BDT),01-Jun-22,3315.41
Salary Disbursement (B2P) (crore BDT),01-Jul-22,3187.03
Salary Disbursement (B2P) (crore BDT),01-Aug-22,2648.93
Salary Disbursement (B2P) (crore BDT),01-Sep-22,2752.49
Salary Disbursement (B2P) (crore BDT),01-Oct-22,2659.69
Salary Disbursement (B2P) (crore BDT),01-Nov-22,2720.85
Salary Disbursement (B2P) (crore BDT),01-Dec-22,2790.03
Salary Disbursement (B2P) (crore BDT),01-Jan-23,2849.27
Salary Disbursement (B2P) (crore BDT),01-Feb-23,2750.48
Salary Disbursement (B2P) (crore BDT),01-Mar-23,2758.13
Salary Disbursement (B2P) (crore BDT),01-Apr-23,4388.34
Salary Disbursement (B2P) (crore BDT),01-May-23,1993.63
Salary Disbursement (B2P) (crore BDT),01-Jun-23,5187.91
Salary Disbursement (B2P) (crore BDT),01-Jul-23,1566.71
Salary Disbursement (B2P) (crore BDT),01-Aug-23,2894.28
Salary Disbursement (B2P) (crore BDT),01-Sep-23,2681.52
Salary Disbursement (B2P) (crore BDT),01-Oct-23,2887.48
Utility Bill Payment (P2B) (crore BDT),01-Dec-18,284.76
Utility Bill Payment (P2B) (crore BDT),01-Jan-19,273.61
Utility Bill Payment (P2B) (crore BDT),01-Feb-19,261.05
Utility Bill Payment (P2B) (crore BDT),01-Mar-19,347.74
Utility Bill Payment (P2B) (crore BDT),01-Apr-19,365.16
Utility Bill Payment (P2B) (crore BDT),01-May-19,482.91
Utility Bill Payment (P2B) (crore BDT),01-Jun-19,445.59
Utility Bill Payment (P2B) (crore BDT),01-Jul-19,519.44
Utility Bill Payment (P2B) (crore BDT),01-Aug-19,487.82
Utility Bill Payment (P2B) (crore BDT),01-Sep-19,562.13
Utility Bill Payment (P2B) (crore BDT),01-Oct-19,499.73
Utility Bill Payment (P2B) (crore BDT),01-Nov-19,465.43
Utility Bill Payment (P2B) (crore BDT),01-Dec-19,312.84
Utility Bill Payment (P2B) (crore BDT),01-Jan-20,472.02
Utility Bill Payment (P2B) (crore BDT),01-Feb-20,441.12
Utility Bill Payment (P2B) (crore BDT),01-Mar-20,433.29
Utility Bill Payment (P2B) (crore BDT),01-Apr-20,271.32
Utility Bill Payment (P2B) (crore BDT),01-May-20,598.32
Utility Bill Payment (P2B) (crore BDT),01-Jun-20,992.94
Utility Bill Payment (P2B) (crore BDT),01-Jul-20,878.93
Utility Bill Payment (P2B) (crore BDT),01-Aug-20,908.78
Utility Bill Payment (P2B) (crore BDT),01-Sep-20,937.57
Utility Bill Payment (P2B) (crore BDT),01-Oct-20,886.47
Utility Bill Payment (P2B) (crore BDT),01-Nov-20,831.43
Utility Bill Payment (P2B) (crore BDT),01-Dec-20,834.07
Utility Bill Payment (P2B) (crore BDT),01-Jan-21,803.12
Utility Bill Payment (P2B) (crore BDT),01-Feb-21,765.81
Utility Bill Payment (P2B) (crore BDT),01-Mar-21,940.41
Utility Bill Payment (P2B) (crore BDT),01-Apr-21,962.42
Utility Bill Payment (P2B) (crore BDT),01-May-21,1107
Utility Bill Payment (P2B) (crore BDT),01-Jun-21,1243.8
Utility Bill Payment (P2B) (crore BDT),01-Jul-21,992.97
Utility Bill Payment (P2B) (crore BDT),01-Aug-21,1323.74
Utility Bill Payment (P2B) (crore BDT),01-Sep-21,1330.96
Utility Bill Payment (P2B) (crore BDT),01-Oct-21,1362.76
Utility Bill Payment (P2B) (crore BDT),01-Nov-21,1250.46
Utility Bill Payment (P2B) (crore BDT),01-Dec-21,1157.87
Utility Bill Payment (P2B) (crore BDT),01-Jan-22,1157.16
Utility Bill Payment (P2B) (crore BDT),01-Feb-22,1099.23
Utility Bill Payment (P2B) (crore BDT),01-Mar-22,1232.14
Utility Bill Payment (P2B) (crore BDT),01-Apr-22,1330.81
Utility Bill Payment (P2B) (crore BDT),01-May-22,1332.48
Utility Bill Payment (P2B) (crore BDT),01-Jun-22,2058.97
Utility Bill Payment (P2B) (crore BDT),01-Jul-22,1859.88
Utility Bill Payment (P2B) (crore BDT),01-Aug-22,2262.32
Utility Bill Payment (P2B) (crore BDT),01-Sep-22,2178.06
Utility Bill Payment (P2B) (crore BDT),01-Oct-22,2283.07
Utility Bill Payment (P2B) (crore BDT),01-Nov-22,2072.5
Utility Bill Payment (P2B) (crore BDT),01-Dec-22,1949.48
Utility Bill Payment (P2B) (crore BDT),01-Jan-23,1961.55
Utility Bill Payment (P2B) (crore BDT),01-Feb-23,1886.44
Utility Bill Payment (P2B) (crore BDT),01-Mar-23,2318.09
Utility Bill Payment (P2B) (crore BDT),01-Apr-23,2437.12
Utility Bill Payment (P2B) (crore BDT),01-May-23,2962.02
Utility Bill Payment (P2B) (crore BDT),01-Jun-23,2941.52
Utility Bill Payment (P2B) (crore BDT),01-Jul-23,2877.98
Utility Bill Payment (P2B) (crore BDT),01-Aug-23,3250.16
Utility Bill Payment (P2B) (crore BDT),01-Sep-23,3216.91
Utility Bill Payment (P2B) (crore BDT),01-Oct-23,3330.59
Merchant Payment (crore BDT),01-Dec-18,424.9
Merchant Payment (crore BDT),01-Jan-19,404.845
Merchant Payment (crore BDT),01-Feb-19,429.8314
Merchant Payment (crore BDT),01-Mar-19,468.8584
Merchant Payment (crore BDT),01-Apr-19,544.5
Merchant Payment (crore BDT),01-May-19,606.41
Merchant Payment (crore BDT),01-Jun-19,386.2239
Merchant Payment (crore BDT),01-Jul-19,371.73
Merchant Payment (crore BDT),01-Aug-19,407.229
Merchant Payment (crore BDT),01-Sep-19,392.4058
Merchant Payment (crore BDT),01-Oct-19,410.4
Merchant Payment (crore BDT),01-Nov-19,436.9434
Merchant Payment (crore BDT),01-Dec-19,600.2109
Merchant Payment (crore BDT),01-Jan-20,627.7722
Merchant Payment (crore BDT),01-Feb-20,581.886
Merchant Payment (crore BDT),01-Mar-20,476.0457
Merchant Payment (crore BDT),01-Apr-20,233.6982
Merchant Payment (crore BDT),01-May-20,467.7801
Merchant Payment (crore BDT),01-Jun-20,811.4642
Merchant Payment (crore BDT),01-Jul-20,1134.244
Merchant Payment (crore BDT),01-Aug-20,1060.27
Merchant Payment (crore BDT),01-Sep-20,1292.49
Merchant Payment (crore BDT),01-Oct-20,1746.03
Merchant Payment (crore BDT),01-Nov-20,1879.08
Merchant Payment (crore BDT),01-Dec-20,2147.24
Merchant Payment (crore BDT),01-Jan-21,1924.7
Merchant Payment (crore BDT),01-Feb-21,1873.85
Merchant Payment (crore BDT),01-Mar-21,1956.52
Merchant Payment (crore BDT),01-Apr-21,2758.61
Merchant Payment (crore BDT),01-May-21,3650.45
Merchant Payment (crore BDT),01-Jun-21,3293.23
Merchant Payment (crore BDT),01-Jul-21,3096.79
Merchant Payment (crore BDT),01-Aug-21,3465.93
Merchant Payment (crore BDT),01-Sep-21,2930.15
Merchant Payment (crore BDT),01-Oct-21,2949.88
Merchant Payment (crore BDT),01-Nov-21,3042.9
Merchant Payment (crore BDT),01-Dec-21,3453.39
Merchant Payment (crore BDT),01-Jan-22,3131.06
Merchant Payment (crore BDT),01-Feb-22,3092.89
Merchant Payment (crore BDT),01-Mar-22,2794.94
Merchant Payment (crore BDT),01-Apr-22,2568.29
Merchant Payment (crore BDT),01-May-22,2541.42
Merchant Payment (crore BDT),01-Jun-22,3138.28
Merchant Payment (crore BDT),01-Jul-22,2977
Merchant Payment (crore BDT),01-Aug-22,3076.08
Merchant Payment (crore BDT),01-Sep-22,3123.85
Merchant Payment (crore BDT),01-Oct-22,3359.92
Merchant Payment (crore BDT),01-Nov-22,3114.34
Merchant Payment (crore BDT),01-Dec-22,3613.61
Merchant Payment (crore BDT),01-Jan-23,3774.78
Merchant Payment (crore BDT),01-Feb-23,3532.25
Merchant Payment (crore BDT),01-Mar-23,4114.11
Merchant Payment (crore BDT),01-Apr-23,5504.86
Merchant Payment (crore BDT),01-May-23,6166.78
Merchant Payment (crore BDT),01-Jun-23,6494.55
Merchant Payment (crore BDT),01-Jul-23,4855.85
Merchant Payment (crore BDT),01-Aug-23,4718
Merchant Payment (crore BDT),01-Sep-23,4830.41
Merchant Payment (crore BDT),01-Oct-23,5464.5
Government Payment (crore BDT),01-Dec-18,657.48
Government Payment (crore BDT),01-Jan-19,288.0123
Government Payment (crore BDT),01-Feb-19,111.218
Government Payment (crore BDT),01-Mar-19,20.1463
Government Payment (crore BDT),01-Apr-19,209.54
Government Payment (crore BDT),01-May-19,322.52
Government Payment (crore BDT),01-Jun-19,134.7329
Government Payment (crore BDT),01-Jul-19,416.16
Government Payment (crore BDT),01-Aug-19,9.4177
Government Payment (crore BDT),01-Sep-19,0.8149
Government Payment (crore BDT),01-Oct-19,101.83
Government Payment (crore BDT),01-Nov-19,294.3866
Government Payment (crore BDT),01-Dec-19,65.3199
Government Payment (crore BDT),01-Jan-20,152.3446
Government Payment (crore BDT),01-Feb-20,275.5021
Government Payment (crore BDT),01-Mar-20,122.7643
Government Payment (crore BDT),01-Apr-20,73.6239
Government Payment (crore BDT),01-May-20,788.6977
Government Payment (crore BDT),01-Jun-20,358.7819
Government Payment (crore BDT),01-Jul-20,1076.7902
Government Payment (crore BDT),01-Aug-20,14.97
Government Payment (crore BDT),01-Sep-20,13.83
Government Payment (crore BDT),01-Oct-20,66.55
Government Payment (crore BDT),01-Nov-20,33.35
Government Payment (crore BDT),01-Dec-20,41.39
Government Payment (crore BDT),01-Jan-21,132.28
Government Payment (crore BDT),01-Feb-21,568.24
Government Payment (crore BDT),01-Mar-21,118.21
Government Payment (crore BDT),01-Apr-21,733.8
Government Payment (crore BDT),01-May-21,1309.19
Government Payment (crore BDT),01-Jun-21,1225.17
Government Payment (crore BDT),01-Jul-21,541.21
Government Payment (crore BDT),01-Aug-21,13.76
Government Payment (crore BDT),01-Sep-21,19.21
Government Payment (crore BDT),01-Oct-21,44.59
Government Payment (crore BDT),01-Nov-21,316.68
Government Payment (crore BDT),01-Dec-21,113.96
Government Payment (crore BDT),01-Jan-22,908.3
Government Payment (crore BDT),01-Feb-22,103.8
Government Payment (crore BDT),01-Mar-22,182.25
Government Payment (crore BDT),01-Apr-22,617.62
Government Payment (crore BDT),01-May-22,176.39
Government Payment (crore BDT),01-Jun-22,3508.8
Government Payment (crore BDT),01-Jul-22,868.79
Government Payment (crore BDT),01-Aug-22,68.07
Government Payment (crore BDT),01-Sep-22,20.85
Government Payment (crore BDT),01-Oct-22,1418.72
Government Payment (crore BDT),01-Nov-22,219.27
Government Payment (crore BDT),01-Dec-22,82.26
Government Payment (crore BDT),01-Jan-23,1144.29
Government Payment (crore BDT),01-Feb-23,2328.14
Government Payment (crore BDT),01-Mar-23,292.19
Government Payment (crore BDT),01-Apr-23,1985.99
Government Payment (crore BDT),01-May-23,895.21
Government Payment (crore BDT),01-Jun-23,4066.98
Government Payment (crore BDT),01-Jul-23,57.46
Government Payment (crore BDT),01-Aug-23,29.2
Government Payment (crore BDT),01-Sep-23,34.73
Government Payment (crore BDT),01-Oct-23,1737.25
Others,01-Dec-18,512.71
Others,01-Jan-19,527.09
Others,01-Feb-19,476.22
Others,01-Mar-19,524.93
Others,01-Apr-19,540.75
Others,01-May-19,611.15
Others,01-Jun-19,584.6
Others,01-Jul-19,616.37
Others,01-Aug-19,603.76
Others,01-Sep-19,606.48
Others,01-Oct-19,605.43
Others,01-Nov-19,621.28
Others,01-Dec-19,745.47
Others,01-Jan-20,782.58
Others,01-Feb-20,780.53
Others,01-Mar-20,849.47
Others,01-Apr-20,1092.89
Others,01-May-20,1590.65
Others,01-Jun-20,1396.24
Others,01-Jul-20,1654.46
Others,01-Aug-20,1354.51
Others,01-Sep-20,1336.2
Others,01-Oct-20,1425.85
Others,01-Nov-20,1426.12
Others,01-Dec-20,1532.65
Others,01-Jan-21,1538.82
Others,01-Feb-21,1458.46
Others,01-Mar-21,1690.39
Others,01-Apr-21,1928.61
Others,01-May-21,2190.43
Others,01-Jun-21,1925.77
Others,01-Jul-21,2240.58
Others,01-Aug-21,2081.98
Others,01-Sep-21,2159.63
Others,01-Oct-21,2193.97
Others,01-Nov-21,2163.18
Others,01-Dec-21,2334.77
Others,01-Jan-22,2336.69
Others,01-Feb-22,2319.58
Others,01-Mar-22,2745.63
Others,01-Apr-22,3357.01
Others,01-May-22,2621.68
Others,01-Jun-22,3333.01
Others,01-Jul-22,3508.32
Others,01-Aug-22,3477.39
Others,01-Sep-22,3606.69
Others,01-Oct-22,3744.34
Others,01-Nov-22,1525.01
Others,01-Dec-22,1594.43
Others,01-Jan-23,1648.46
Others,01-Feb-23,1594.63
Others,01-Mar-23,1781.38
Others,01-Apr-23,2149.41
Others,01-May-23,1886.29
Others,01-Jun-23,2161.52
Others,01-Jul-23,1948.7
Others,01-Aug-23,1947.51
Others,01-Sep-23,1912.57
Others,01-Oct-23,2050.62
